{
    "loss": 23.159740447998047,
    "accuracy": 0.5686274766921997
}