{
    "loss": 0.03659407049417496,
    "accuracy": 0.9803921580314636
}