{
    "loss": 12.435193061828613,
    "accuracy": 0.4313725531101227
}